33 and West,https://www.pollstar.com/Company/33-west-109146004?tab=artistRoster&page=0,,
American Artists,https://www.pollstar.com/Company/american-artists-275717?tab=staff&page=0,,
Arrival Artists,https://www.pollstar.com/Company/arrival-artists-109211835?tab=artistRoster&page=0,,
Atlas Touring,https://www.pollstar.com/Company/atlas-touring-109186016?tab=artistRoster&page=0,,
Blue Raven Entertainment,https://www.pollstar.com/Company/blue-raven-entertainment-280464?tab=artistRoster&page=0,https://www.pollstar.com/Company/blue-raven-entertainment-280464?tab=staff&page=0,https://www.pollstar.com/Company/blue-raven-entertainment-280464?tab=details&page=0
Brad Simon Organization,https://www.pollstar.com/Company/the-brad-simon-organization-292400?tab=artistRoster&page=0,,
Concerted Efforts,https://www.pollstar.com/Company/concerted-efforts-302425?tab=artistRoster&page=0,,
Crawlspace Booking,https://www.pollstar.com/Company/crawlspace-booking-109180139?tab=artistRoster&page=0,,
Do It Booking,https://www.pollstar.com/Company/do-it-booking-300557?tab=artistRoster&page=0,,
Dynamic Talent International,https://www.pollstar.com/Company/dynamic-talent-international-289204?tab=artistRoster&page=0,,
Epstein & Company,https://www.pollstar.com/Company/epstein-company-297751?tab=artistRoster&page=0,,
First Row Talent,https://www.pollstar.com/Company/first-row-talent-289831?tab=artistRoster&page=0,,
Fusion Touring,,,
Ground Control Touring,https://www.pollstar.com/Company/ground-control-touring-290494?tab=artistRoster&page=0,,
"Hello! Booking, Inc.",https://www.pollstar.com/Company/hello-booking-285421?tab=artistRoster&page=0,,
Intrepid Artists Inc.,https://www.pollstar.com/Company/intrepid-artists-international-283442?tab=artistRoster&page=0,,
Leave Home Booking,https://www.pollstar.com/Company/leave-home-booking-304496?tab=artistRoster&page=0,,
Lost Buffalo Artists,,,
Magnus Talent Agency,https://www.pollstar.com/Company/magnus-talent-agency-312554?tab=artistRoster&page=0,,
Mint Talent Group,https://www.pollstar.com/Company/mint-talent-group-109211481?tab=artistRoster&page=0,,
New Frontier Touring,https://www.pollstar.com/Company/new-frontier-touring-310567?tab=artistRoster&page=0,,
Nine Mile Records and Touring,https://www.pollstar.com/Company/nine-mile-touring-304466?tab=artistRoster&page=0,,
Outer/Most,https://www.outermostagency.com/,,
Panzyler Entertainment Group,https://www.pollstar.com/Company/panzyler-entertainment-grp-285955?tab=artistRoster&page=0,,
Prater Day,https://www.pollstar.com/Company/prater-day-294590?tab=artistRoster&page=0,,
Revel Talent Alliance,https://www.pollstar.com/Company/revel-talent-alliance-109176617?tab=artistRoster&page=0,,
Siegel Artist Management LLC,,,
Sound Talent Group,https://www.pollstar.com/company/sound-talent-group-109164435?tab=staff&page=0,,
Stewart Entertainment Agency,https://www.pollstar.com/Company/stewart-entertainment-agency-293131?tab=artistRoster&page=0,,
Sweetwine Entertainment Group,https://www.pollstar.com/Company/seg-sweetwine-entment-group-288895?tab=artistRoster&page=0,,
The Kurland Agency,https://www.pollstar.com/Company/the-kurland-agency-311649?tab=artistRoster&page=0,,
TKO,https://www.pollstar.com/Company/tko-306501?tab=artistRoster&page=0,,
"Utopia Artists, LLC",https://www.pollstar.com/Company/utopia-artists-mars-talent-agency-uamt-282535?tab=artistRoster&page=0,,
Al McCree Entertainment,https://www.pollstar.com/Company/al-mccree-entertainment-109209402?tab=artistRoster&page=0,,
Anniversary,,,
Artisan Agency,https://www.pollstar.com/Company/artisan-agency-312489?tab=artistRoster&page=0,,
Back Bay Booking,https://www.pollstar.com/Company/back-bay-booking-109085536?tab=artistRoster&page=0,,
Blue Sun Entertainment,https://www.pollstar.com/Company/blue-sun-entertainment-311746?tab=artistRoster&page=0,,
"BTE, Inc.",https://www.pollstar.com/Company/bte-inc-290623?tab=artistRoster&page=0,,
Corson Agency,,,
Crossover Touring,https://www.pollstar.com/Company/crossover-touring-309284?tab=artistRoster&page=0,,
Duck Club Touring,,,
Earth To Peter,https://www.pollstar.com/Company/earth-to-peter-109144833?tab=artistRoster&page=0,,
Extremity Retained Booking,,,
Fleming Artists,https://www.pollstar.com/Company/fleming-artists-310220?tab=artistRoster&page=0,,
Goldengate Talent Agency,,,
Head Booking,https://www.pollstar.com/Company/head-booking-llc-109173923?tab=artistRoster&page=0,,
High Road Touring LLC,https://www.pollstar.com/Company/high-road-touring-302646?tab=artistRoster&page=0,,
Ketch Agency,https://www.pollstar.com/Company/ketch-agency-109207155?tab=artistRoster&page=0,,
Left of Center Productions,,,
M M Music Agency,https://www.pollstar.com/Company/m-m-music-agency-282816?tab=artistRoster&page=0,,
McCoy Artists Group,,,
Mongrel Music,https://www.pollstar.com/Company/mongrel-music-297112?tab=artistRoster&page=0,,
New Frontier Touring,https://www.pollstar.com/Company/new-frontier-touring-310567?tab=artistRoster&page=0,,
Northstar Artists,https://www.pollstar.com/Company/northstar-artists-301559?tab=artistRoster&page=0,,
Overrun Booking,https://www.pollstar.com/Company/overrun-booking-109189065?tab=artistRoster&page=0,,
Partisan Arts,https://www.pollstar.com/Company/partisan-arts-309475?tab=artistRoster&page=0,,
Prysm Talent Agency,https://www.prysmtalentagency.com/artists/,,
Riot Artists,https://www.pollstar.com/Company/riot-artists-293838?tab=artistRoster&page=0,,
Skyline Artists Agency,https://www.pollstar.com/company/skyline-artists-agency-308814?tab=artistRoster&page=0,,
Space Agency Booking,,,
Surefire Agency,https://www.pollstar.com/Company/surefire-agency-306798?tab=artistRoster&page=0,,
TBA Agency,https://tbaagency.com/roster/,,
"The Progressive Global Agency, Inc",https://www.pollstar.com/Company/progressive-global-agency-307612?tab=artistRoster&page=0,,
Tone Deaf Touring,https://www.pollstar.com/Company/tone-deaf-touring-299831?tab=artistRoster&page=0,,
Wired Tour Booking,https://www.wiredtourbooking.com/,,
Allive Agency,https://www.pollstar.com/Company/allive-agency-107691279?tab=staff&page=0,,
ArcArtists,https://www.pollstar.com/Company/arcartists-109160925?tab=artistRoster&page=0,,
"Ashley Talent International, LLC",https://www.pollstar.com/Company/ashley-talent-international-296478?tab=artistRoster&page=0,,
Big Fish Booking Company,http://www.bigfishbookingco.com/,,
Bonfire Touring,https://www.pollstar.com/Company/bonfire-touring-109191691?tab=artistRoster&page=0,,
ComboPlate Booking,https://www.pollstar.com/Company/comboplate-booking-286182?tab=artistRoster&page=0,,
Covert Booking,https://www.pollstar.com/Company/covert-booking-284501?tab=artistRoster&page=0,,
Cumberland Music Collective,https://www.pollstar.com/Company/cumberland-music-collective-109174823?tab=artistRoster&page=0,,
Dynamic Artists Management LLC,https://www.pollstar.com/Company/dynamic-artists-management-llc-284054?tab=artistRoster&page=0,,
Entourage Talent Associates,https://www.pollstar.com/Company/entourage-talent-associates-307409?tab=artistRoster&page=0,,
FATA Booking,https://www.pollstar.com/Company/fata-booking-agency-311791?tab=artistRoster&page=0,,
Forge Ahead Touring,https://www.pollstar.com/Company/forge-ahead-touring-109207379?tab=staff&page=0,,
Great Knight Productions,https://www.pollstar.com/company/great-knight-productions-298050?tab=artistRoster&page=0,,
Heavy Talent,https://www.heavytalent.com/,,
International Music Network,https://www.pollstar.com/Company/international-music-network-306741?tab=artistRoster&page=0,,
Leafy Green Booking,https://www.pollstar.com/Company/leafy-green-booking-308433?tab=artistRoster&page=0,,
Liaison Artists,https://www.pollstar.com/Company/liaison-artists-289107?tab=artistRoster&page=0,,
Madison House,https://www.pollstar.com/company/madison-house-109177087?tab=artistRoster&page=0,,
Midwood Entertainment,https://www.pollstar.com/Company/midwood-entertainment-303172?tab=artistRoster&page=0,,
Myriad Artists,https://www.pollstar.com/Company/myriad-artists-109087216?tab=artistRoster&page=0,,
Nimbleslick Entertainment,https://www.pollstar.com/company/nimbleslick-entertainment-109085888?tab=artistRoster&page=0,,
Outer Orbit Booking,https://www.outerorbitbooking.com/,,
Panache Booking,https://www.pollstar.com/Company/panache-booking-287719?tab=artistRoster&page=0,,
Pinnacle Entertainment,https://www.pollstar.com/Company/pinnacle-entertainment-292561?tab=artistRoster&page=0,,
"Pyramid Entertainment Group, Inc",https://www.pollstar.com/Company/pyramid-entertainment-group-308331?tab=artistRoster&page=0,,
Rocky Road Touring,https://www.pollstar.com/Company/rocky-road-touring-299591?tab=artistRoster&page=0,,
Solaris Artists,https://www.pollstar.com/Company/solaris-artists-109087195?tab=artistRoster&page=0,,
SRO Artists Inc,https://www.pollstar.com/Company/sro-artists-302853?tab=artistRoster&page=0,,
Swan Entertainment,https://www.pollstar.com/Company/swan-entertainment-311492?tab=artistRoster&page=0,,
The Empire Agency,https://www.pollstar.com/Company/the-empire-agency-304480?tab=artistRoster&page=0,,
The Roots Agency,https://www.pollstar.com/Company/the-roots-agency-305081?tab=artistRoster&page=0,,
Universal Attractions Agency,https://www.pollstar.com/Company/uaa-universal-attractions-agency-291024?tab=artistRoster&page=0,,
M.O.B. Agency,https://www.pollstar.com/Company/the-mob-agency-302198?tab=artistRoster&page=0,,